{
    "name": "root",
    "gauges": {
        "Area1.Policy.Entropy.mean": {
            "value": 0.657127320766449,
            "min": 0.657127320766449,
            "max": 2.188450574874878,
            "count": 10
        },
        "Area1.Policy.Entropy.sum": {
            "value": 32903.6796875,
            "min": 32903.6796875,
            "max": 110928.1875,
            "count": 10
        },
        "Area1.Step.mean": {
            "value": 499992.0,
            "min": 49984.0,
            "max": 499992.0,
            "count": 10
        },
        "Area1.Step.sum": {
            "value": 499992.0,
            "min": 49984.0,
            "max": 499992.0,
            "count": 10
        },
        "Area1.Policy.ExtrinsicValueEstimate.mean": {
            "value": 8.404569625854492,
            "min": -0.1617428958415985,
            "max": 8.454672813415527,
            "count": 10
        },
        "Area1.Policy.ExtrinsicValueEstimate.sum": {
            "value": 6648.0146484375,
            "min": -126.32120513916016,
            "max": 6687.64599609375,
            "count": 10
        },
        "Area1.Losses.PolicyLoss.mean": {
            "value": 0.023804001311461133,
            "min": 0.02191870243793043,
            "max": 0.02707164456136525,
            "count": 10
        },
        "Area1.Losses.PolicyLoss.sum": {
            "value": 0.11902000655730566,
            "min": 0.08767480975172172,
            "max": 0.13535822280682624,
            "count": 10
        },
        "Area1.Losses.ValueLoss.mean": {
            "value": 0.9437665967146553,
            "min": 0.00022052650660043578,
            "max": 0.9437665967146553,
            "count": 10
        },
        "Area1.Losses.ValueLoss.sum": {
            "value": 4.718832983573277,
            "min": 0.001102632533002179,
            "max": 4.718832983573277,
            "count": 10
        },
        "Area1.Policy.LearningRate.mean": {
            "value": 1.4447135184320002e-05,
            "min": 1.4447135184320002e-05,
            "max": 0.00028416000527999995,
            "count": 10
        },
        "Area1.Policy.LearningRate.sum": {
            "value": 7.223567592160001e-05,
            "min": 7.223567592160001e-05,
            "max": 0.0012780288739903999,
            "count": 10
        },
        "Area1.Policy.Epsilon.mean": {
            "value": 0.10481568000000001,
            "min": 0.10481568000000001,
            "max": 0.19472,
            "count": 10
        },
        "Area1.Policy.Epsilon.sum": {
            "value": 0.5240784,
            "min": 0.49965600000000004,
            "max": 0.9260096000000002,
            "count": 10
        },
        "Area1.Policy.Beta.mean": {
            "value": 0.000250302432,
            "min": 0.000250302432,
            "max": 0.004736528,
            "count": 10
        },
        "Area1.Policy.Beta.sum": {
            "value": 0.00125151216,
            "min": 0.00125151216,
            "max": 0.02130787904,
            "count": 10
        },
        "Area1.IsTraining.mean": {
            "value": 1.0,
            "min": 1.0,
            "max": 1.0,
            "count": 10
        },
        "Area1.IsTraining.sum": {
            "value": 1.0,
            "min": 1.0,
            "max": 1.0,
            "count": 10
        },
        "Area1.Environment.EpisodeLength.mean": {
            "value": 4999.0,
            "min": 4999.0,
            "max": 4999.0,
            "count": 9
        },
        "Area1.Environment.EpisodeLength.sum": {
            "value": 54989.0,
            "min": 54989.0,
            "max": 54989.0,
            "count": 9
        },
        "Area1.Environment.CumulativeReward.mean": {
            "value": 437.092131646604,
            "min": 0.44045799567075766,
            "max": 471.7780789382417,
            "count": 9
        },
        "Area1.Environment.CumulativeReward.sum": {
            "value": 4808.013448112644,
            "min": 4.845037952378334,
            "max": 5189.558868320659,
            "count": 9
        },
        "Area1.Policy.ExtrinsicReward.mean": {
            "value": 437.092131646604,
            "min": 0.44045799567075766,
            "max": 471.7780789382417,
            "count": 9
        },
        "Area1.Policy.ExtrinsicReward.sum": {
            "value": 4808.013448112644,
            "min": 4.845037952378334,
            "max": 5189.558868320659,
            "count": 9
        }
    },
    "metadata": {
        "timer_format_version": "0.1.0",
        "start_time_seconds": "1687092261",
        "python_version": "3.8.16 (default, Jun 12 2023, 21:00:42) [MSC v.1916 64 bit (AMD64)]",
        "command_line_arguments": "D:\\Programas\\Anaconda\\envs\\mlagents20\\Scripts\\mlagents-learn --force",
        "mlagents_version": "0.30.0",
        "mlagents_envs_version": "0.30.0",
        "communication_protocol_version": "1.5.0",
        "pytorch_version": "2.0.1+cu118",
        "numpy_version": "1.21.2",
        "end_time_seconds": "1687093023"
    },
    "total": 761.5536812,
    "count": 1,
    "self": 0.00861140000006344,
    "children": {
        "run_training.setup": {
            "total": 0.017121400000000175,
            "count": 1,
            "self": 0.017121400000000175
        },
        "TrainerController.start_learning": {
            "total": 761.5279484,
            "count": 1,
            "self": 0.9802138999942827,
            "children": {
                "TrainerController._reset_env": {
                    "total": 8.8781721,
                    "count": 1,
                    "self": 8.8781721
                },
                "TrainerController.advance": {
                    "total": 751.5765844000057,
                    "count": 45512,
                    "self": 0.9078581999974631,
                    "children": {
                        "env_step": {
                            "total": 577.942992500005,
                            "count": 45512,
                            "self": 419.360980500014,
                            "children": {
                                "SubprocessEnvManager._take_step": {
                                    "total": 157.91955289999478,
                                    "count": 45512,
                                    "self": 2.699652199983092,
                                    "children": {
                                        "TorchPolicy.evaluate": {
                                            "total": 155.2199007000117,
                                            "count": 45512,
                                            "self": 155.2199007000117
                                        }
                                    }
                                },
                                "workers": {
                                    "total": 0.6624590999961413,
                                    "count": 45512,
                                    "self": 0.0,
                                    "children": {
                                        "worker_root": {
                                            "total": 752.7141865999897,
                                            "count": 45512,
                                            "is_parallel": true,
                                            "self": 394.49100659999004,
                                            "children": {
                                                "steps_from_proto": {
                                                    "total": 0.0008561000000000263,
                                                    "count": 1,
                                                    "is_parallel": true,
                                                    "self": 0.00021059999999994972,