{
    "name": "root",
    "gauges": {
        "Area2.Policy.Entropy.mean": {
            "value": 1.1979039907455444,
            "min": 1.1905591487884521,
            "max": 2.1907360553741455,
            "count": 10
        },
        "Area2.Policy.Entropy.sum": {
            "value": 59871.2421875,
            "min": 59618.44140625,
            "max": 111044.0234375,
            "count": 10
        },
        "Area2.Step.mean": {
            "value": 499998.0,
            "min": 49984.0,
            "max": 499998.0,
            "count": 10
        },
        "Area2.Step.sum": {
            "value": 499998.0,
            "min": 49984.0,
            "max": 499998.0,
            "count": 10
        },
        "Area2.Policy.ExtrinsicValueEstimate.mean": {
            "value": 4.708746910095215,
            "min": 0.011628932319581509,
            "max": 4.708746910095215,
            "count": 10
        },
        "Area2.Policy.ExtrinsicValueEstimate.sum": {
            "value": 4623.9892578125,
            "min": 9.082196235656738,
            "max": 4776.6328125,
            "count": 10
        },
        "Area2.Losses.PolicyLoss.mean": {
            "value": 0.02346368365144978,
            "min": 0.02130041402919839,
            "max": 0.025089541835089525,
            "count": 10
        },
        "Area2.Losses.PolicyLoss.sum": {
            "value": 0.1173184182572489,
            "min": 0.09113316690394034,
            "max": 0.12544770917544762,
            "count": 10
        },
        "Area2.Losses.ValueLoss.mean": {
            "value": 0.4642536908388138,
            "min": 0.0006746074897819198,
            "max": 0.46539021849632267,
            "count": 10
        },
        "Area2.Losses.ValueLoss.sum": {
            "value": 2.321268454194069,
            "min": 0.002698429959127679,
            "max": 2.3269510924816132,
            "count": 10
        },
        "Area2.Policy.LearningRate.mean": {
            "value": 1.34784955072e-05,
            "min": 1.34784955072e-05,
            "max": 0.000283872005376,
            "count": 10
        },
        "Area2.Policy.LearningRate.sum": {
            "value": 6.7392477536e-05,
            "min": 6.7392477536e-05,
            "max": 0.0012742968752344,
            "count": 10
        },
        "Area2.Policy.Epsilon.mean": {
            "value": 0.10449279999999998,
            "min": 0.10449279999999998,
            "max": 0.194624,
            "count": 10
        },
        "Area2.Policy.Epsilon.sum": {
            "value": 0.5224639999999999,
            "min": 0.5224639999999999,
            "max": 0.9247656,
            "count": 10
        },
        "Area2.Policy.Beta.mean": {
            "value": 0.00023419072,
            "min": 0.00023419072,
            "max": 0.004731737600000001,
            "count": 10
        },
        "Area2.Policy.Beta.sum": {
            "value": 0.0011709536,
            "min": 0.0011709536,
            "max": 0.02124580344,
            "count": 10
        },
        "Area2.IsTraining.mean": {
            "value": 1.0,
            "min": 1.0,
            "max": 1.0,
            "count": 10
        },
        "Area2.IsTraining.sum": {
            "value": 1.0,
            "min": 1.0,
            "max": 1.0,
            "count": 10
        },
        "Area2.Environment.EpisodeLength.mean": {
            "value": 114.28287841191067,
            "min": 87.90688259109312,
            "max": 5469.952380952381,
            "count": 9
        },
        "Area2.Environment.EpisodeLength.sum": {
            "value": 46056.0,
            "min": 11801.0,
            "max": 114869.0,
            "count": 9
        },
        "Area2.Environment.CumulativeReward.mean": {
            "value": 10.045981685491741,
            "min": 4.206299260943307,
            "max": 10.045981685491741,
            "count": 9
        },
        "Area2.Environment.CumulativeReward.sum": {
            "value": 4048.5306192531716,
            "min": 16.090576400165446,
            "max": 4740.586004721957,
            "count": 9
        },
        "Area2.Policy.ExtrinsicReward.mean": {
            "value": 10.045981685491741,
            "min": 4.206299260943307,
            "max": 10.045981685491741,
            "count": 9
        },
        "Area2.Policy.ExtrinsicReward.sum": {
            "value": 4048.5306192531716,
            "min": 16.090576400165446,
            "max": 4740.586004721957,
            "count": 9
        }
    },
    "metadata": {
        "timer_format_version": "0.1.0",
        "start_time_seconds": "1687026320",
        "python_version": "3.8.16 (default, Jun 12 2023, 21:00:42) [MSC v.1916 64 bit (AMD64)]",
        "command_line_arguments": "D:\\Programas\\Anaconda\\envs\\mlagents20\\Scripts\\mlagents-learn --force",
        "mlagents_version": "0.30.0",
        "mlagents_envs_version": "0.30.0",
        "communication_protocol_version": "1.5.0",
        "pytorch_version": "2.0.1+cu118",
        "numpy_version": "1.21.2",
        "end_time_seconds": "1687027055"
    },
    "total": 735.0650155,
    "count": 1,
    "self": 0.052941799999871364,
    "children": {
        "run_training.setup": {
            "total": 0.01793409999999973,
            "count": 1,
            "self": 0.01793409999999973
        },
        "TrainerController.start_learning": {
            "total": 734.9941396,
            "count": 1,
            "self": 0.9139688000075239,
            "children": {
                "TrainerController._reset_env": {
                    "total": 5.234848899999999,
                    "count": 1,
                    "self": 5.234848899999999
                },
                "TrainerController.advance": {
                    "total": 728.7099962999924,
                    "count": 41699,
                    "self": 0.8485063999891054,
                    "children": {
                        "env_step": {
                            "total": 547.1270001000009,
                            "count": 41699,
                            "self": 400.881813899995,
                            "children": {
                                "SubprocessEnvManager._take_step": {
                                    "total": 145.6206259000038,
                                    "count": 41699,
                                    "self": 2.388466200002938,
                                    "children": {
                                        "TorchPolicy.evaluate": {
                                            "total": 143.23215970000086,
                                            "count": 41699,
                                            "self": 143.23215970000086
                                        }
                                    }
                                },
                                "workers": {
                                    "total": 0.624560300002182,
                                    "count": 41699,
                                    "self": 0.0,
                                    "children": {
                                        "worker_root": {
                                            "total": 728.5638023999961,
                                            "count": 41699,
                                            "is_parallel": true,
                                            "self": 383.0215069999994,
                                            "children": {
                                                "steps_from_proto": {
                                                    "total": 0.0010491999999997503,
                                                    "count": 1,
                                                    "is_parallel": true,
                                                    "self": 0.00023660000000003123,