{
    "name": "root",
    "gauges": {
        "Area3.Policy.Entropy.mean": {
            "value": 0.9017143845558167,
            "min": 0.9017143845558167,
            "max": 2.1898555755615234,
            "count": 10
        },
        "Area3.Policy.Entropy.sum": {
            "value": 44981.12109375,
            "min": 44981.12109375,
            "max": 110999.3984375,
            "count": 10
        },
        "Area3.Step.mean": {
            "value": 499969.0,
            "min": 49984.0,
            "max": 499969.0,
            "count": 10
        },
        "Area3.Step.sum": {
            "value": 499969.0,
            "min": 49984.0,
            "max": 499969.0,
            "count": 10
        },
        "Area3.Policy.ExtrinsicValueEstimate.mean": {
            "value": 6.044674396514893,
            "min": -0.04095298424363136,
            "max": 6.044674396514893,
            "count": 10
        },
        "Area3.Policy.ExtrinsicValueEstimate.sum": {
            "value": 5385.8046875,
            "min": -31.98427963256836,
            "max": 5385.8046875,
            "count": 10
        },
        "Area3.Losses.PolicyLoss.mean": {
            "value": 0.025996726502974826,
            "min": 0.02229319765542944,
            "max": 0.026011429343683022,
            "count": 10
        },
        "Area3.Losses.PolicyLoss.sum": {
            "value": 0.12998363251487413,
            "min": 0.08995213775585094,
            "max": 0.13005714671841512,
            "count": 10
        },
        "Area3.Losses.ValueLoss.mean": {
            "value": 0.7377393452326456,
            "min": 0.0008130181055700328,
            "max": 0.7377393452326456,
            "count": 10
        },
        "Area3.Losses.ValueLoss.sum": {
            "value": 3.688696726163228,
            "min": 0.0032520724222801314,
            "max": 3.688696726163228,
            "count": 10
        },
        "Area3.Policy.LearningRate.mean": {
            "value": 1.3420895526400004e-05,
            "min": 1.3420895526400004e-05,
            "max": 0.000283872005376,
            "count": 10
        },
        "Area3.Policy.LearningRate.sum": {
            "value": 6.710447763200002e-05,
            "min": 6.710447763200002e-05,
            "max": 0.0012741846752717997,
            "count": 10
        },
        "Area3.Policy.Epsilon.mean": {
            "value": 0.10447360000000003,
            "min": 0.10447360000000003,
            "max": 0.194624,
            "count": 10
        },
        "Area3.Policy.Epsilon.sum": {
            "value": 0.5223680000000002,
            "min": 0.5223680000000002,
            "max": 0.9247281999999999,
            "count": 10
        },
        "Area3.Policy.Beta.mean": {
            "value": 0.0002332326400000001,
            "min": 0.0002332326400000001,
            "max": 0.004731737600000001,
            "count": 10
        },
        "Area3.Policy.Beta.sum": {
            "value": 0.0011661632000000005,
            "min": 0.0011661632000000005,
            "max": 0.021243937180000002,
            "count": 10
        },
        "Area3.IsTraining.mean": {
            "value": 1.0,
            "min": 1.0,
            "max": 1.0,
            "count": 10
        },
        "Area3.IsTraining.sum": {
            "value": 1.0,
            "min": 1.0,
            "max": 1.0,
            "count": 10
        },
        "Area3.Environment.EpisodeLength.mean": {
            "value": 242.41702127659573,
            "min": 227.54106280193236,
            "max": 4029.4117647058824,
            "count": 9
        },
        "Area3.Environment.EpisodeLength.sum": {
            "value": 56968.0,
            "min": 40969.0,
            "max": 73229.0,
            "count": 9
        },
        "Area3.Environment.CumulativeReward.mean": {
            "value": 19.107313355743052,
            "min": 1.3048544456997553,
            "max": 19.59273165613992,
            "count": 9
        },
        "Area3.Environment.CumulativeReward.sum": {
            "value": 4490.218638599617,
            "min": 22.18252557689584,
            "max": 4490.218638599617,
            "count": 9
        },
        "Area3.Policy.ExtrinsicReward.mean": {
            "value": 19.107313355743052,
            "min": 1.3048544456997553,
            "max": 19.59273165613992,
            "count": 9
        },
        "Area3.Policy.ExtrinsicReward.sum": {
            "value": 4490.218638599617,
            "min": 22.18252557689584,
            "max": 4490.218638599617,
            "count": 9
        }
    },
    "metadata": {
        "timer_format_version": "0.1.0",
        "start_time_seconds": "1687088824",
        "python_version": "3.8.16 (default, Jun 12 2023, 21:00:42) [MSC v.1916 64 bit (AMD64)]",
        "command_line_arguments": "D:\\Programas\\Anaconda\\envs\\mlagents20\\Scripts\\mlagents-learn --force",
        "mlagents_version": "0.30.0",
        "mlagents_envs_version": "0.30.0",
        "communication_protocol_version": "1.5.0",
        "pytorch_version": "2.0.1+cu118",
        "numpy_version": "1.21.2",
        "end_time_seconds": "1687089555"
    },
    "total": 731.4126452,
    "count": 1,
    "self": 0.008697800000049938,
    "children": {
        "run_training.setup": {
            "total": 0.017939300000000102,
            "count": 1,
            "self": 0.017939300000000102
        },
        "TrainerController.start_learning": {
            "total": 731.3860081,
            "count": 1,
            "self": 0.9043837000044732,
            "children": {
                "TrainerController._reset_env": {
                    "total": 7.1500295,
                    "count": 1,
                    "self": 7.1500295
                },
                "TrainerController.advance": {
                    "total": 723.2468665999955,
                    "count": 41698,
                    "self": 0.7765355000067302,
                    "children": {
                        "env_step": {
                            "total": 543.29775979999,
                            "count": 41698,
                            "self": 391.63769719998396,
                            "children": {
                                "SubprocessEnvManager._take_step": {
                                    "total": 151.0629260999906,
                                    "count": 41698,
                                    "self": 2.314003400000132,
                                    "children": {
                                        "TorchPolicy.evaluate": {
                                            "total": 148.74892269999046,
                                            "count": 41698,
                                            "self": 148.74892269999046
                                        }
                                    }
                                },
                                "workers": {
                                    "total": 0.5971365000154254,
                                    "count": 41698,
                                    "self": 0.0,
                                    "children": {
                                        "worker_root": {
                                            "total": 724.3218866999897,
                                            "count": 41698,
                                            "is_parallel": true,
                                            "self": 385.1816256999826,
                                            "children": {
                                                "steps_from_proto": {
                                                    "total": 0.0013645000000002128,
                                                    "count": 1,
                                                    "is_parallel": true,
                                                    "self": 0.0003058000000004668,