{
    "name": "root",
    "gauges": {
        "Area6.Policy.Entropy.mean": {
            "value": 1.068709373474121,
            "min": 1.068709373474121,
            "max": 2.1317222118377686,
            "count": 10
        },
        "Area6.Policy.Entropy.sum": {
            "value": 53469.66796875,
            "min": 53469.66796875,
            "max": 106995.40625,
            "count": 10
        },
        "Area6.Step.mean": {
            "value": 499979.0,
            "min": 49939.0,
            "max": 499979.0,
            "count": 10
        },
        "Area6.Step.sum": {
            "value": 499979.0,
            "min": 49939.0,
            "max": 499979.0,
            "count": 10
        },
        "Area6.Policy.ExtrinsicValueEstimate.mean": {
            "value": 1159.1602783203125,
            "min": 0.3167267441749573,
            "max": 1159.1602783203125,
            "count": 10
        },
        "Area6.Policy.ExtrinsicValueEstimate.sum": {
            "value": 981808.75,
            "min": 265.10028076171875,
            "max": 981808.75,
            "count": 10
        },
        "Area6.Losses.PolicyLoss.mean": {
            "value": 0.02343280019859473,
            "min": 0.021690619265039762,
            "max": 0.02667271669876451,
            "count": 10
        },
        "Area6.Losses.PolicyLoss.sum": {
            "value": 0.11716400099297365,
            "min": 0.08877566234053423,
            "max": 0.12821863885037602,
            "count": 10
        },
        "Area6.Losses.ValueLoss.mean": {
            "value": 113065.20984375,
            "min": 10.176305515676116,
            "max": 119585.93697916665,
            "count": 10
        },
        "Area6.Losses.ValueLoss.sum": {
            "value": 565326.04921875,
            "min": 40.705222062704465,
            "max": 597929.6848958333,
            "count": 10
        },
        "Area6.Policy.LearningRate.mean": {
            "value": 1.5936814687759997e-05,
            "min": 1.5936814687759997e-05,
            "max": 0.00028427565524145,
            "count": 10
        },
        "Area6.Policy.LearningRate.sum": {
            "value": 7.968407343879998e-05,
            "min": 7.968407343879998e-05,
            "max": 0.0012822516725827999,
            "count": 10
        },
        "Area6.Policy.Epsilon.mean": {
            "value": 0.10531224000000003,
            "min": 0.10531224000000003,
            "max": 0.19475855,
            "count": 10
        },
        "Area6.Policy.Epsilon.sum": {
            "value": 0.5265612000000002,
            "min": 0.5265612000000002,
            "max": 0.9274172,
            "count": 10
        },
        "Area6.Policy.Beta.mean": {
            "value": 0.000275080776,
            "min": 0.000275080776,
            "max": 0.004738451645000001,
            "count": 10
        },
        "Area6.Policy.Beta.sum": {
            "value": 0.00137540388,
            "min": 0.00137540388,
            "max": 0.02137811828,
            "count": 10
        },
        "Area6.Environment.EpisodeLength.mean": {
            "value": 381.89473684210526,
            "min": 101.76200417536535,
            "max": 465.29245283018867,
            "count": 10
        },
        "Area6.Environment.EpisodeLength.sum": {
            "value": 50792.0,
            "min": 47271.0,
            "max": 51377.0,
            "count": 10
        },
        "Area6.Environment.CumulativeReward.mean": {
            "value": 5390.760209463593,
            "min": 27.22852337585305,
            "max": 5390.760209463593,
            "count": 10
        },
        "Area6.Environment.CumulativeReward.sum": {
            "value": 716971.1078586578,
            "min": 2886.2234778404236,
            "max": 789553.8854699135,
            "count": 10
        },
        "Area6.Policy.ExtrinsicReward.mean": {
            "value": 5390.760209463593,
            "min": 27.22852337585305,
            "max": 5390.760209463593,
            "count": 10
        },
        "Area6.Policy.ExtrinsicReward.sum": {
            "value": 716971.1078586578,
            "min": 2886.2234778404236,
            "max": 789553.8854699135,
            "count": 10
        },
        "Area6.IsTraining.mean": {
            "value": 1.0,
            "min": 1.0,
            "max": 1.0,
            "count": 10
        },
        "Area6.IsTraining.sum": {
            "value": 1.0,
            "min": 1.0,
            "max": 1.0,
            "count": 10
        }
    },
    "metadata": {
        "timer_format_version": "0.1.0",
        "start_time_seconds": "1687168787",
        "python_version": "3.8.16 (default, Jun 12 2023, 21:00:42) [MSC v.1916 64 bit (AMD64)]",
        "command_line_arguments": "D:\\Programas\\Anaconda\\envs\\mlagents20\\Scripts\\mlagents-learn --force",
        "mlagents_version": "0.30.0",
        "mlagents_envs_version": "0.30.0",
        "communication_protocol_version": "1.5.0",
        "pytorch_version": "2.0.1+cu118",
        "numpy_version": "1.21.2",
        "end_time_seconds": "1687169671"
    },
    "total": 884.1522198,
    "count": 1,
    "self": 0.009055499999931271,
    "children": {
        "run_training.setup": {
            "total": 0.07767570000000035,
            "count": 1,
            "self": 0.07767570000000035
        },
        "TrainerController.start_learning": {
            "total": 884.0654886000001,
            "count": 1,
            "self": 1.3424448999934384,
            "children": {
                "TrainerController._reset_env": {
                    "total": 9.792921,
                    "count": 1,
                    "self": 9.792921
                },
                "TrainerController.advance": {
                    "total": 872.8316479000066,
                    "count": 62562,
                    "self": 1.1334180000143306,
                    "children": {
                        "env_step": {
                            "total": 692.886870199996,
                            "count": 62562,
                            "self": 481.10983199999816,
                            "children": {
                                "SubprocessEnvManager._take_step": {
                                    "total": 210.9105812999938,
                                    "count": 62563,
                                    "self": 3.4596503999893287,
                                    "children": {
                                        "TorchPolicy.evaluate": {
                                            "total": 207.45093090000447,
                                            "count": 62563,
                                            "self": 207.45093090000447
                                        }
                                    }
                                },
                                "workers": {
                                    "total": 0.8664569000040565,
                                    "count": 62562,
                                    "self": 0.0,
                                    "children": {
                                        "worker_root": {
                                            "total": 854.1640052999948,
                                            "count": 62562,
                                            "is_parallel": true,
                                            "self": 463.38615299998787,
                                            "children": {
                                                "steps_from_proto": {
                                                    "total": 0.0014519999999986766,
                                                    "count": 2,
                                                    "is_parallel": true,
                                                    "self": 0.0004142999999992014,