{
    "name": "root",
    "gauges": {
        "Area5.Policy.Entropy.mean": {
            "value": 1.470616340637207,
            "min": 1.470616340637207,
            "max": 2.1870713233947754,
            "count": 10
        },
        "Area5.Policy.Entropy.sum": {
            "value": 73483.7578125,
            "min": 73483.7578125,
            "max": 110508.3359375,
            "count": 10
        },
        "Area5.Step.mean": {
            "value": 499992.0,
            "min": 49983.0,
            "max": 499992.0,
            "count": 10
        },
        "Area5.Step.sum": {
            "value": 499992.0,
            "min": 49983.0,
            "max": 499992.0,
            "count": 10
        },
        "Area5.Policy.ExtrinsicValueEstimate.mean": {
            "value": 32.68914031982422,
            "min": -0.6196302175521851,
            "max": 32.68914031982422,
            "count": 10
        },
        "Area5.Policy.ExtrinsicValueEstimate.sum": {
            "value": 28929.890625,
            "min": -513.0538330078125,
            "max": 28929.890625,
            "count": 10
        },
        "Area5.Environment.EpisodeLength.mean": {
            "value": 248.34313725490196,
            "min": 215.23611111111111,
            "max": 599.6931818181819,
            "count": 10
        },
        "Area5.Environment.EpisodeLength.sum": {
            "value": 50662.0,
            "min": 43050.0,
            "max": 57909.0,
            "count": 10
        },
        "Area5.Environment.CumulativeReward.mean": {
            "value": 77.51564219418694,
            "min": -21.213933550994152,
            "max": 97.01703815084662,
            "count": 10
        },
        "Area5.Environment.CumulativeReward.sum": {
            "value": 15813.191007614136,
            "min": -4582.209647014737,
            "max": 17155.05920112133,
            "count": 10
        },
        "Area5.Policy.ExtrinsicReward.mean": {
            "value": 77.51564219418694,
            "min": -21.213933550994152,
            "max": 97.01703815084662,
            "count": 10
        },
        "Area5.Policy.ExtrinsicReward.sum": {
            "value": 15813.191007614136,
            "min": -4582.209647014737,
            "max": 17155.05920112133,
            "count": 10
        },
        "Area5.Losses.PolicyLoss.mean": {
            "value": 0.023355534624618788,
            "min": 0.020625826426160832,
            "max": 0.02681095777467514,
            "count": 10
        },
        "Area5.Losses.PolicyLoss.sum": {
            "value": 0.11677767312309394,
            "min": 0.09685392130631953,
            "max": 0.13086780095472933,
            "count": 10
        },
        "Area5.Losses.ValueLoss.mean": {
            "value": 7359.629651692708,
            "min": 0.872670185752213,
            "max": 7359.629651692708,
            "count": 10
        },
        "Area5.Losses.ValueLoss.sum": {
            "value": 36798.14825846354,
            "min": 3.490680743008852,
            "max": 36798.14825846354,
            "count": 10
        },
        "Area5.Policy.LearningRate.mean": {
            "value": 1.6030534656520002e-05,
            "min": 1.6030534656520002e-05,
            "max": 0.00028456740514419993,
            "count": 10
        },
        "Area5.Policy.LearningRate.sum": {
            "value": 8.015267328260002e-05,
            "min": 8.015267328260002e-05,
            "max": 0.0012840204719931998,
            "count": 10
        },
        "Area5.Policy.Epsilon.mean": {
            "value": 0.10534348,
            "min": 0.10534348,
            "max": 0.19485580000000008,
            "count": 10
        },
        "Area5.Policy.Epsilon.sum": {
            "value": 0.5267174,
            "min": 0.499538,
            "max": 0.9280068000000001,
            "count": 10
        },
        "Area5.Policy.Beta.mean": {
            "value": 0.00027663965200000007,
            "min": 0.00027663965200000007,
            "max": 0.004743304419999999,
            "count": 10
        },
        "Area5.Policy.Beta.sum": {
            "value": 0.0013831982600000002,
            "min": 0.0013831982600000002,
            "max": 0.021407539319999995,
            "count": 10
        },
        "Area5.IsTraining.mean": {
            "value": 1.0,
            "min": 1.0,
            "max": 1.0,
            "count": 10
        },
        "Area5.IsTraining.sum": {
            "value": 1.0,
            "min": 1.0,
            "max": 1.0,
            "count": 10
        }
    },
    "metadata": {
        "timer_format_version": "0.1.0",
        "start_time_seconds": "1687112777",
        "python_version": "3.8.16 (default, Jun 12 2023, 21:00:42) [MSC v.1916 64 bit (AMD64)]",
        "command_line_arguments": "D:\\Programas\\Anaconda\\envs\\mlagents20\\Scripts\\mlagents-learn --force",
        "mlagents_version": "0.30.0",
        "mlagents_envs_version": "0.30.0",
        "communication_protocol_version": "1.5.0",
        "pytorch_version": "2.0.1+cu118",
        "numpy_version": "1.21.2",
        "end_time_seconds": "1687113372"
    },
    "total": 594.8941996,
    "count": 1,
    "self": 0.009915099999943777,
    "children": {
        "run_training.setup": {
            "total": 0.018088800000000127,
            "count": 1,
            "self": 0.018088800000000127
        },
        "TrainerController.start_learning": {
            "total": 594.8661957,
            "count": 1,
            "self": 0.6604721999992762,
            "children": {
                "TrainerController._reset_env": {
                    "total": 8.3629627,
                    "count": 1,
                    "self": 8.3629627
                },
                "TrainerController.advance": {
                    "total": 585.7495936000007,
                    "count": 31282,
                    "self": 0.5764704000118854,
                    "children": {
                        "env_step": {
                            "total": 407.42236729999934,
                            "count": 31282,
                            "self": 292.51919649999746,
                            "children": {
                                "SubprocessEnvManager._take_step": {
                                    "total": 114.4630337000006,
                                    "count": 31282,
                                    "self": 1.8117725999981218,
                                    "children": {
                                        "TorchPolicy.evaluate": {
                                            "total": 112.65126110000247,
                                            "count": 31282,
                                            "self": 112.65126110000247
                                        }
                                    }
                                },
                                "workers": {
                                    "total": 0.44013710000129436,
                                    "count": 31282,
                                    "self": 0.0,
                                    "children": {
                                        "worker_root": {
                                            "total": 586.3155258000043,
                                            "count": 31282,
                                            "is_parallel": true,
                                            "self": 337.60484659999975,
                                            "children": {
                                                "steps_from_proto": {
                                                    "total": 0.0011554000000000286,
                                                    "count": 1,
                                                    "is_parallel": true,
                                                    "self": 0.00024230000000091678,