{
    "name": "root",
    "gauges": {
        "Area4.Policy.Entropy.mean": {
            "value": 1.1043431758880615,
            "min": 1.0056862831115723,
            "max": 2.1933658123016357,
            "count": 10
        },
        "Area4.Policy.Entropy.sum": {
            "value": 55380.6015625,
            "min": 50191.79296875,
            "max": 111177.3203125,
            "count": 10
        },
        "Area4.Step.mean": {
            "value": 499998.0,
            "min": 49939.0,
            "max": 499998.0,
            "count": 10
        },
        "Area4.Step.sum": {
            "value": 499998.0,
            "min": 49939.0,
            "max": 499998.0,
            "count": 10
        },
        "Area4.Policy.ExtrinsicValueEstimate.mean": {
            "value": 6.3406147956848145,
            "min": -0.04715003818273544,
            "max": 7.336619853973389,
            "count": 10
        },
        "Area4.Policy.ExtrinsicValueEstimate.sum": {
            "value": 5636.806640625,
            "min": -36.824180603027344,
            "max": 6837.7294921875,
            "count": 10
        },
        "Area4.Losses.PolicyLoss.mean": {
            "value": 0.02322488012413184,
            "min": 0.021784338004266223,
            "max": 0.02574304562682907,
            "count": 10
        },
        "Area4.Losses.PolicyLoss.sum": {
            "value": 0.11612440062065921,
            "min": 0.09605409265495837,
            "max": 0.12871522813414535,
            "count": 10
        },
        "Area4.Losses.ValueLoss.mean": {
            "value": 0.506649595896403,
            "min": 0.0015604512780555523,
            "max": 0.7051965113480886,
            "count": 10
        },
        "Area4.Losses.ValueLoss.sum": {
            "value": 2.533247979482015,
            "min": 0.006241805112222209,
            "max": 3.525982556740443,
            "count": 10
        },
        "Area4.Policy.LearningRate.mean": {
            "value": 1.4263775245439996e-05,
            "min": 1.4263775245439996e-05,
            "max": 0.00028389225536925,
            "count": 10
        },
        "Area4.Policy.LearningRate.sum": {
            "value": 7.131887622719998e-05,
            "min": 7.131887622719998e-05,
            "max": 0.0012749226750258002,
            "count": 10
        },
        "Area4.Policy.Epsilon.mean": {
            "value": 0.10475456000000001,
            "min": 0.10475456000000001,
            "max": 0.19463075,
            "count": 10
        },
        "Area4.Policy.Epsilon.sum": {
            "value": 0.5237728,
            "min": 0.5237728,
            "max": 0.9249741999999999,
            "count": 10
        },
        "Area4.Policy.Beta.mean": {
            "value": 0.000247252544,
            "min": 0.000247252544,
            "max": 0.004732074425000001,
            "count": 10
        },
        "Area4.Policy.Beta.sum": {
            "value": 0.0012362627199999998,
            "min": 0.0012362627199999998,
            "max": 0.021256212580000003,
            "count": 10
        },
        "Area4.Environment.EpisodeLength.mean": {
            "value": 181.00877192982455,
            "min": 138.26898734177215,
            "max": 1805.18,
            "count": 10
        },
        "Area4.Environment.EpisodeLength.sum": {
            "value": 41270.0,
            "min": 1362.0,
            "max": 90259.0,
            "count": 10
        },
        "Area4.Environment.CumulativeReward.mean": {
            "value": 16.85093535017539,
            "min": -1.8570188209414482,
            "max": 18.141448280515355,
            "count": 10
        },
        "Area4.Environment.CumulativeReward.sum": {
            "value": 3842.013259839989,
            "min": -1.8570188209414482,
            "max": 5808.988975114189,
            "count": 10
        },
        "Area4.Policy.ExtrinsicReward.mean": {
            "value": 16.85093535017539,
            "min": -1.8570188209414482,
            "max": 18.141448280515355,
            "count": 10
        },
        "Area4.Policy.ExtrinsicReward.sum": {
            "value": 3842.013259839989,
            "min": -1.8570188209414482,
            "max": 5808.988975114189,
            "count": 10
        },
        "Area4.IsTraining.mean": {
            "value": 1.0,
            "min": 1.0,
            "max": 1.0,
            "count": 10
        },
        "Area4.IsTraining.sum": {
            "value": 1.0,
            "min": 1.0,
            "max": 1.0,
            "count": 10
        }
    },
    "metadata": {
        "timer_format_version": "0.1.0",
        "start_time_seconds": "1687096362",
        "python_version": "3.8.16 (default, Jun 12 2023, 21:00:42) [MSC v.1916 64 bit (AMD64)]",
        "command_line_arguments": "D:\\Programas\\Anaconda\\envs\\mlagents20\\Scripts\\mlagents-learn --force",
        "mlagents_version": "0.30.0",
        "mlagents_envs_version": "0.30.0",
        "communication_protocol_version": "1.5.0",
        "pytorch_version": "2.0.1+cu118",
        "numpy_version": "1.21.2",
        "end_time_seconds": "1687097145"
    },
    "total": 783.1156699,
    "count": 1,
    "self": 0.008628899999848727,
    "children": {
        "run_training.setup": {
            "total": 0.017356099999999763,
            "count": 1,
            "self": 0.017356099999999763
        },
        "TrainerController.start_learning": {
            "total": 783.0896849000001,
            "count": 1,
            "self": 0.9058480999981384,
            "children": {
                "TrainerController._reset_env": {
                    "total": 39.7630075,
                    "count": 1,
                    "self": 39.7630075
                },
                "TrainerController.advance": {
                    "total": 742.328933900002,
                    "count": 41701,
                    "self": 0.7807795000143187,
                    "children": {
                        "env_step": {
                            "total": 564.1191412999934,
                            "count": 41701,
                            "self": 413.69078869999566,
                            "children": {
                                "SubprocessEnvManager._take_step": {
                                    "total": 149.8366315999947,
                                    "count": 41701,
                                    "self": 2.5351958999948465,
                                    "children": {
                                        "TorchPolicy.evaluate": {
                                            "total": 147.30143569999984,
                                            "count": 41701,
                                            "self": 147.30143569999984
                                        }
                                    }
                                },
                                "workers": {
                                    "total": 0.5917210000031119,
                                    "count": 41701,
                                    "self": 0.0,
                                    "children": {
                                        "worker_root": {
                                            "total": 743.5335365999948,
                                            "count": 41701,
                                            "is_parallel": true,
                                            "self": 385.73144980000666,
                                            "children": {
                                                "steps_from_proto": {
                                                    "total": 0.0014032999999997742,
                                                    "count": 1,
                                                    "is_parallel": true,
                                                    "self": 0.00031350000000429645,