{
    "name": "root",
    "gauges": {
        "Area5.Policy.Entropy.mean": {
            "value": 1.837341070175171,
            "min": 1.8204917907714844,
            "max": 2.179900646209717,
            "count": 10
        },
        "Area5.Policy.Entropy.sum": {
            "value": 92102.234375,
            "min": 90966.3359375,
            "max": 110285.53125,
            "count": 10
        },
        "Area5.Step.mean": {
            "value": 499987.0,
            "min": 49979.0,
            "max": 499987.0,
            "count": 10
        },
        "Area5.Step.sum": {
            "value": 499987.0,
            "min": 49979.0,
            "max": 499987.0,
            "count": 10
        },
        "Area5.Policy.ExtrinsicValueEstimate.mean": {
            "value": -4.593342304229736,
            "min": -4.593342304229736,
            "max": -1.130434513092041,
            "count": 10
        },
        "Area5.Policy.ExtrinsicValueEstimate.sum": {
            "value": -3757.35400390625,
            "min": -3757.35400390625,
            "max": -896.4345703125,
            "count": 10
        },
        "Area5.Environment.EpisodeLength.mean": {
            "value": 715.887323943662,
            "min": 715.887323943662,
            "max": 2534.3846153846152,
            "count": 10
        },
        "Area5.Environment.EpisodeLength.sum": {
            "value": 50828.0,
            "min": 34214.0,
            "max": 65894.0,
            "count": 10
        },
        "Area5.Environment.CumulativeReward.mean": {
            "value": -38.76662373055481,
            "min": -117.64234026755605,
            "max": -34.65419755625012,
            "count": 10
        },
        "Area5.Environment.CumulativeReward.sum": {
            "value": -2752.4302848693915,
            "min": -4117.481909364462,
            "max": -797.0465437937528,
            "count": 10
        },
        "Area5.Policy.ExtrinsicReward.mean": {
            "value": -38.76662373055481,
            "min": -117.64234026755605,
            "max": -34.65419755625012,
            "count": 10
        },
        "Area5.Policy.ExtrinsicReward.sum": {
            "value": -2752.4302848693915,
            "min": -4117.481909364462,
            "max": -797.0465437937528,
            "count": 10
        },
        "Area5.Losses.PolicyLoss.mean": {
            "value": 0.02306112986213217,
            "min": 0.021407535788603126,
            "max": 0.025932054851825037,
            "count": 10
        },
        "Area5.Losses.PolicyLoss.sum": {
            "value": 0.11530564931066085,
            "min": 0.0856301431544125,
            "max": 0.12966027425912519,
            "count": 10
        },
        "Area5.Losses.ValueLoss.mean": {
            "value": 107.20957876841229,
            "min": 2.8082237060864763,
            "max": 147.21849127769468,
            "count": 10
        },
        "Area5.Losses.ValueLoss.sum": {
            "value": 536.0478938420614,
            "min": 14.041118530432382,
            "max": 736.0924563884735,
            "count": 10
        },
        "Area5.Policy.LearningRate.mean": {
            "value": 1.6054894648399992e-05,
            "min": 1.6054894648399992e-05,
            "max": 0.00028459170513609995,
            "count": 10
        },
        "Area5.Policy.LearningRate.sum": {
            "value": 8.027447324199996e-05,
            "min": 8.027447324199996e-05,
            "max": 0.0012842838719053997,
            "count": 10
        },
        "Area5.Policy.Epsilon.mean": {
            "value": 0.10535160000000002,
            "min": 0.10535160000000002,
            "max": 0.19486390000000003,
            "count": 10
        },
        "Area5.Policy.Epsilon.sum": {
            "value": 0.5267580000000001,
            "min": 0.49974240000000003,
            "max": 0.9280946000000001,
            "count": 10
        },
        "Area5.Policy.Beta.mean": {
            "value": 0.00027704484,
            "min": 0.00027704484,
            "max": 0.004743708609999999,
            "count": 10
        },
        "Area5.Policy.Beta.sum": {
            "value": 0.0013852242,
            "min": 0.0013852242,
            "max": 0.021411920540000004,
            "count": 10
        },
        "Area5.IsTraining.mean": {
            "value": 1.0,
            "min": 1.0,
            "max": 1.0,
            "count": 10
        },
        "Area5.IsTraining.sum": {
            "value": 1.0,
            "min": 1.0,
            "max": 1.0,
            "count": 10
        }
    },
    "metadata": {
        "timer_format_version": "0.1.0",
        "start_time_seconds": "1687111128",
        "python_version": "3.8.16 (default, Jun 12 2023, 21:00:42) [MSC v.1916 64 bit (AMD64)]",
        "command_line_arguments": "D:\\Programas\\Anaconda\\envs\\mlagents20\\Scripts\\mlagents-learn --force",
        "mlagents_version": "0.30.0",
        "mlagents_envs_version": "0.30.0",
        "communication_protocol_version": "1.5.0",
        "pytorch_version": "2.0.1+cu118",
        "numpy_version": "1.21.2",
        "end_time_seconds": "1687111800"
    },
    "total": 671.5036769,
    "count": 1,
    "self": 0.009377299999982824,
    "children": {
        "run_training.setup": {
            "total": 0.018143999999999938,
            "count": 1,
            "self": 0.018143999999999938
        },
        "TrainerController.start_learning": {
            "total": 671.4761556,
            "count": 1,
            "self": 0.7050644000041757,
            "children": {
                "TrainerController._reset_env": {
                    "total": 12.9457822,
                    "count": 1,
                    "self": 12.9457822
                },
                "TrainerController.advance": {
                    "total": 657.7174531999957,
                    "count": 31287,
                    "self": 0.6021497999880694,
                    "children": {
                        "env_step": {
                            "total": 480.1331639000072,
                            "count": 31287,
                            "self": 361.23282110000423,
                            "children": {
                                "SubprocessEnvManager._take_step": {
                                    "total": 118.44994950000448,
                                    "count": 31287,
                                    "self": 1.8768243000070157,
                                    "children": {
                                        "TorchPolicy.evaluate": {
                                            "total": 116.57312519999746,
                                            "count": 31287,
                                            "self": 116.57312519999746
                                        }
                                    }
                                },
                                "workers": {
                                    "total": 0.45039329999850963,
                                    "count": 31287,
                                    "self": 0.0,
                                    "children": {
                                        "worker_root": {
                                            "total": 658.817082599999,
                                            "count": 31287,
                                            "is_parallel": true,
                                            "self": 343.6992579999955,
                                            "children": {
                                                "steps_from_proto": {
                                                    "total": 0.0010200999999998572,
                                                    "count": 1,
                                                    "is_parallel": true,
                                                    "self": 0.00022620000000017626,