{"count":1,"self":15.211377599999999,"total":17.075015099999998,"children":{"InitializeActuators":{"count":12,"self":0.0009939,"total":0.0009939,"children":null},"InitializeSensors":{"count":12,"self":0.0030020999999999997,"total":0.0030020999999999997,"children":null},"AgentSendState":{"count":592,"self":0.18850509999999998,"total":0.21247719999999998,"children":{"CollectObservations":{"count":7104,"self":0,"total":0,"children":null},"WriteActionMask":{"count":7104,"self":0.0040025999999999994,"total":0.0040025999999999994,"children":null},"RequestDecision":{"count":7104,"self":0.019969499999999998,"total":0.019969499999999998,"children":null}}},"DecideAction":{"count":592,"self":1.5861292,"total":1.5981347,"children":{"RayPerceptionSensor.Perceive":{"count":7104,"self":0.012005499999999999,"total":0.012005499999999999,"children":null}}},"AgentAct":{"count":592,"self":0.049030199999999996,"total":0.049030199999999996,"children":null}},"gauges":{"Area2.CumulativeReward":{"count":88,"max":23.046217,"min":5.27920341,"runningAverage":9.353071,"value":18.64127,"weightedAverage":11.239851}},"metadata":{"timer_format_version":"0.1.0","start_time_seconds":"1687091317","unity_version":"2022.2.3f1","command_line_arguments":"D:\\Programas\\UnityEditors\\2022.2.3f1\\Editor\\Unity.exe -projectpath D:\\ProyectosUnity\\SimRacing -useHub -hubIPC -cloudEnvironment production","communication_protocol_version":"1.5.0","com.unity.ml-agents_version":"2.3.0-exp.3","scene_name":"Area2","end_time_seconds":"1687091334"}}