{"count":1,"self":221.4550272,"total":242.5956932,"children":{"InitializeActuators":{"count":111,"self":0.0020017,"total":0.0020017,"children":null},"InitializeSensors":{"count":111,"self":0.0040038999999999995,"total":0.0040038999999999995,"children":null},"AgentSendState":{"count":9878,"self":2.4892684,"total":2.6941238999999997,"children":{"CollectObservations":{"count":76834,"self":0.0374937,"total":0.0374937,"children":null},"WriteActionMask":{"count":76834,"self":0.057974899999999996,"total":0.057974899999999996,"children":null},"RequestDecision":{"count":76834,"self":0.109387,"total":0.109387,"children":null}}},"DecideAction":{"count":9878,"self":17.5653328,"total":17.6991741,"children":{"RayPerceptionSensor.Perceive":{"count":76834,"self":0.13384169999999998,"total":0.13384169999999998,"children":null}}},"AgentAct":{"count":9878,"self":0.7413514,"total":0.7413514,"children":null}},"gauges":{"Area2.CumulativeReward":{"count":135,"max":23.5414639,"min":5.175026,"runningAverage":9.613895,"value":5.44297266,"weightedAverage":8.503628},"Area3.CumulativeReward":{"count":39,"max":27.390707,"min":13.0849028,"runningAverage":19.5923672,"value":18.6230717,"weightedAverage":20.13946},"Area4.CumulativeReward":{"count":21,"max":24.4404869,"min":12.8404617,"runningAverage":17.68034,"value":20.9221573,"weightedAverage":18.289278},"Area5.CumulativeReward":{"count":65,"max":737.8777,"min":-596.9046,"runningAverage":-16.75946,"value":-596.9046,"weightedAverage":-46.5417366},"Area6.CumulativeReward":{"count":76,"max":39979.6953,"min":-589.497437,"runningAverage":5822.78564,"value":20388.2832,"weightedAverage":15402.3252}},"metadata":{"timer_format_version":"0.1.0","start_time_seconds":"1687271490","unity_version":"2022.2.3f1","command_line_arguments":"D:\\Programas\\UnityEditors\\2022.2.3f1\\Editor\\Unity.exe -projectpath D:\\ProyectosUnity\\SimRacing -useHub -hubIPC -cloudEnvironment production","communication_protocol_version":"1.5.0","com.unity.ml-agents_version":"2.3.0-exp.3","scene_name":"Area1","end_time_seconds":"1687271732"}}