{"count":1,"self":24.04312,"total":27.583945699999997,"children":{"InitializeActuators":{"count":12,"self":0.001001,"total":0.001001,"children":null},"InitializeSensors":{"count":12,"self":0.0019973,"total":0.0019973,"children":null},"AgentSendState":{"count":1117,"self":0.39477429999999997,"total":0.44470289999999996,"children":{"CollectObservations":{"count":13404,"self":0.009005599999999999,"total":0.009005599999999999,"children":null},"WriteActionMask":{"count":13404,"self":0.013328999999999999,"total":0.013328999999999999,"children":null},"RequestDecision":{"count":13404,"self":0.027594,"total":0.027594,"children":null}}},"DecideAction":{"count":1117,"self":2.9941155999999998,"total":3.0134279999999998,"children":{"RayPerceptionSensor.Perceive":{"count":13404,"self":0.0193125,"total":0.0193125,"children":null}}},"AgentAct":{"count":1117,"self":0.079696599999999992,"total":0.079696599999999992,"children":null}},"gauges":{"Area4.CumulativeReward":{"count":94,"max":28.5445518,"min":11.879364,"runningAverage":18.3961811,"value":16.0873222,"weightedAverage":18.74273}},"metadata":{"timer_format_version":"0.1.0","start_time_seconds":"1687097285","unity_version":"2022.2.3f1","command_line_arguments":"D:\\Programas\\UnityEditors\\2022.2.3f1\\Editor\\Unity.exe -projectpath D:\\ProyectosUnity\\SimRacing -useHub -hubIPC -cloudEnvironment production","communication_protocol_version":"1.5.0","com.unity.ml-agents_version":"2.3.0-exp.3","scene_name":"Area4","end_time_seconds":"1687097312"}}