{"count":1,"self":3333.1642368,"total":3352.6600019999996,"children":{"InitializeActuators":{"count":8,"self":0.0020087,"total":0.0020087,"children":null},"InitializeSensors":{"count":8,"self":0.0020017999999999998,"total":0.0020017999999999998,"children":null},"AgentSendState":{"count":8647,"self":2.4923252,"total":2.6471006999999998,"children":{"CollectObservations":{"count":69176,"self":0.032892899999999996,"total":0.032892899999999996,"children":null},"WriteActionMask":{"count":69176,"self":0.048228,"total":0.048228,"children":null},"RequestDecision":{"count":69176,"self":0.0736546,"total":0.0736546,"children":null}}},"DecideAction":{"count":8647,"self":16.230548799999998,"total":16.336696,"children":{"RayPerceptionSensor.Perceive":{"count":69176,"self":0.10614739999999999,"total":0.10614739999999999,"children":null}}},"AgentAct":{"count":8647,"self":0.507922,"total":0.507922,"children":null}},"gauges":{"Area6.CumulativeReward":{"count":171,"max":41399.5078,"min":-709.6048,"runningAverage":7082.359,"value":-570.2627,"weightedAverage":8679.357}},"metadata":{"timer_format_version":"0.1.0","start_time_seconds":"1687189001","unity_version":"2022.2.3f1","command_line_arguments":"D:\\Programas\\UnityEditors\\2022.2.3f1\\Editor\\Unity.exe -projectpath D:\\ProyectosUnity\\SimRacing -useHub -hubIPC -cloudEnvironment production","communication_protocol_version":"1.5.0","com.unity.ml-agents_version":"2.3.0-exp.3","scene_name":"Menu","end_time_seconds":"1687192354"}}